# This file lists all individuals having contributed content to the repository.
# For how it is generated, see `scripts/generate-authors.sh`.

Adam Rehn <adam.rehn@my.jcu.edu.au>
Adrian Daerr <adrian.daerr@univ-paris-diderot.fr>
Alessio Pollero <alessiopollero@users.sf.net>
Alexsandro Lauber <alexlauber@outlook.com>
ambro2 <ambro2@users.noreply.github.com>
Andreas Amann <a.amann@ucc.ie>
Andreas Rudert <arudert@users.sourceforge.net>
Brian Quistorff <bquistorff@gmail.com>
Brian Van Essen <vanessen@users.sourceforge.net>
captain123 <captain123@users.sourceforge.net>
Carlos Silla <silla@users.sourceforge.net>
Christopher Oezbek <coezbek@users.sourceforge.net>
Christopher S. Lester <clester@ieee.org>
Dale Visser <dwvisser@users.sourceforge.net>
Daniel Svärd <>
Dominik Waßenhoven <domwass@users.sourceforge.net>
Douglas Nassif Roma Junior <nassifrroma@gmail.com>
Eduardo Greco <eduardogreco93@gmail.com>
Egon Willighagen <egon.willighagen@gmail.com>
Erik Putrycz <eputrycz@users.sourceforge.net>
fdar <Frederic.Darboux@orleans.inra.fr>
Felix Berger <blat1@users.sf.net>
Florian Straßer <strassfn@studi.informatik.uni-stuttgart.de>
Fred <breakfastfish@users.sf.net>
Frédéric Darboux <Frederic.Darboux@orleans.inra.fr>
Gert Renckens <gert_@users.sourceforge.net>
Gregor Herrmann <gregoa@debian.org>
Guillaume Gardey <glinmac@users.sourceforge.net>
Hakan Duran <ehakanduran@gmail.com>
Igor Chernyavsky <chigle@gmail.com>
Igor Steinmacher <igorsteinmacher@gmail.com>
Ingvar Jackal <rz703a@gmail.com>
Jan Kubovy <jan@kubovy.eu>
Janosch Kutscherauer <noshky@users.sf.net>
Jason Pickering <jason.p.pickering@gmail.com>
Joerg Lenhard <joerg.lenhard@uni-bamberg.de>
John David <ebo@sandien.com>
Jonathan Powell <jpowell@jpowell.co.uk>
Jorge Tornero <jtorlistas@gmail.com>
Jörg Wegner <wegner@users.sourceforge.net>
Jörg Zieren <jzieren@users.sourceforge.net>
Kai Mindermann <kai.mindermann@studi.informatik.uni-stuttgart.de>
Koji Yokota <yokota33@gmail.com>
Kolja Brix <kbx@users.sourceforge.net>
Krunoslav Zubrinic <kruno.zubrinic@gmail.com>
Laura Hernández Gómez <litahdz@users.sf.net>
Leonardo Haddad <leeohaddad@usp.br>
Ling Wang <LingWangNeuralEng@gmail.com>
Lorenzo Genta <lorenzo.genta@fastwebnet.it>
lpatton <lpatton@users.sourceforge.net>
Luciana de Melo e Abud <lucianaabud@uol.com.br>
Mariana Prudencio <mari.mvargas@gmail.com>
Marius Kleiner <kleinems@studi.informatik.uni-stuttgart.de>
Mark Schenk <Mark-Schenk@users.sourceforge.net>
Mattias Ulbrich <mattze@gmx.de>
mcmoody <mcmoody@users.sf.net>
Meltem Demirköprü <demirkmm@studi.uni-stuttgart.de>
Michael Falkenthal <michael.falkenthal@googlemail.com>
Michael Spiegel <mspiegel@users.sourceforge.net>
Michael Wrighton <mwrighton@users.sourceforge.net>
mlep <mlep@github.com>
Morten Alver <mortenalver@gmail.com>
Nathan Sheffield <sheffien@users.noreply.github.com>
Nicolas Pavillon <pavillon.nicolas@gmail.com>
nikmilpv <nikmil@gmail.com>
Nizar N. Batada <nbatada@users.sourceforge.net>
noravanq <zangakatun@gmail.com>
Olaf Lenz <olenz@icp.uni-stuttgart.de>
Oliver Kopp <kopp.dev@gmail.com>
Oscar Gustafsson <ogib@users.sourceforge.net>
payload <payload@lavabit.com>
Peter Ansell <p_ansell@yahoo.com>
Philip Johnson <plfjohnson@emory.edu>
R.J <rjoberon@users.sf.net>
Raik Nagel <kiar@users.sourceforge.net>
Renato Massao <renato.massao@live.com>
Ruy Minoru Ito Takata - SUPCD/CDISO/CDSSP <ruy.takata@gmail.com>
Ruy Minoru Ito Takata <ruy.takata@gmail.com>
Ryo Igarashi <rigarash@gmail.com>
S M Mahbub Murshed <udvranto@users.sourceforge.net>
Saivert <saivert@gmail.com>
Sascha Hunold <hunoldinho@users.sf.net>
Seb Wills <sebwills@users.sourceforge.net>
Simon Harrer <simon.harrer@gmail.com>
Simon Rutishauser <simon.rutishauser@web.de>
speed9 <speed9@users.sf.net>
Stefan Kolb <stefan-kolb@web.de>
Stefano <steog88@gmail.com>
The Gitter Badger <badger@gitter.im>
Thiago Toledo <thimakgt@gmail.com>
Thomas Arildsen <tha@es.aau.dk>
Thorsten Dahlheimer <tdahlheim@gmx.net>
Tobias Diez <tobiasdiez@gmx.de>
uid112001 <uid112001@users.sourceforge.net>
ulriks <ulriks@users.sourceforge.net>
Waluyo Adi Siswanto <was.uthm@gmail.com>
Ward Poelmans <wpoely86@gmail.com>
was123 <was.uthm@gmail.com>
wuw <wuw@front.ru>
Yara Grassi Gouffon <yara.gouffon@usp.br>
横田 宏治 <yokota6@gmail.com>
